start_station_name,end_station_name,member_casual,total_rides
,,member,259372
,,casual,194260
Streeter Dr & Grand Ave,Streeter Dr & Grand Ave,casual,8751
DuSable Lake Shore Dr & Monroe St,DuSable Lake Shore Dr & Monroe St,casual,7330
Calumet Ave & 33rd St,State St & 33rd St,member,5680
State St & 33rd St,Calumet Ave & 33rd St,member,5674
DuSable Lake Shore Dr & Monroe St,Streeter Dr & Grand Ave,casual,4807
Michigan Ave & Oak St,Michigan Ave & Oak St,casual,4397
Ellis Ave & 60th St,University Ave & 57th St,member,4074
University Ave & 57th St,Ellis Ave & 60th St,member,4067