hour_of_day,member_casual,total_rides
0,casual,35550
0,member,34795
1,casual,23518
1,member,20741
2,casual,14478
2,member,11994
3,casual,8088
3,member,8028
4,casual,5972
4,member,8937
5,casual,11223
5,member,34253
6,casual,27851
6,member,105069
7,casual,50637
7,member,195350
8,casual,69719
8,member,245373
9,casual,70683
9,member,167827
10,casual,88501
10,member,150914
11,casual,112990
11,member,178551
12,casual,134462
12,member,204085
13,casual,139432
13,member,203607
14,casual,144123
14,member,204309
15,casual,159257
15,member,249150
16,casual,181513
16,member,335731
17,casual,196362
17,member,390877
18,casual,170080
18,member,307789
19,casual,125126
19,member,216367
20,casual,91491
20,member,152546
21,casual,75211
21,member,117346
22,casual,66605
22,member,86768
23,casual,46514
23,member,54588